{"UUID":"M5P6ZRrD9jgti1aQybyUcT","layoutMainAxisSizing":null,"layoutCrossAxisSizing":null,"name":"Travel App Design (Community)","isVisible":true,"boundaryRectangle":null,"style":null,"prototypeNodeUUID":null,"child":null,"constraints":null,"debug":false,"pngPath":"/usr/src/app/temp-out/pb-tmp-237531cc-5b7c-4f14-97f3-c5eaaa6154e0/asda/lib/assets/images","pages":[{"UUID":"0:1","layoutMainAxisSizing":null,"layoutCrossAxisSizing":null,"name":"Page 1","isVisible":true,"boundaryRectangle":null,"style":null,"prototypeNodeUUID":null,"child":null,"constraints":null,"convert":true,"screens":[],"pbdlType":"page"}],"miscPages":[],"sharedStyles":[],"globalStyles":{"UUID":"","layoutMainAxisSizing":null,"layoutCrossAxisSizing":null,"name":"","isVisible":false,"boundaryRectangle":null,"style":null,"prototypeNodeUUID":null,"child":null,"constraints":null,"pbdlType":"global_styles","designSystem":"material","colors":[{"UUID":"1:651","layoutMainAxisSizing":null,"layoutCrossAxisSizing":null,"name":"Light/Text Color","isVisible":false,"boundaryRectangle":null,"style":null,"prototypeNodeUUID":null,"child":null,"constraints":null,"description":"1A1B1C","pbdlType":"global_color","color":{"a":1.0,"r":0.10588235408067703,"g":0.11764705926179886,"b":0.1568627506494522}},{"UUID":"1:650","layoutMainAxisSizing":null,"layoutCrossAxisSizing":null,"name":"Light/White-Color","isVisible":false,"boundaryRectangle":null,"style":null,"prototypeNodeUUID":null,"child":null,"constraints":null,"description":"","pbdlType":"global_color","color":{"a":1.0,"r":1.0,"g":1.0,"b":1.0}},{"UUID":"1:652","layoutMainAxisSizing":null,"layoutCrossAxisSizing":null,"name":"Light/Sub Text Color","isVisible":false,"boundaryRectangle":null,"style":null,"prototypeNodeUUID":null,"child":null,"constraints":null,"description":"707B81","pbdlType":"global_color","color":{"a":1.0,"r":0.48951390385627747,"g":0.5172222256660461,"b":0.5541666746139526}},{"UUID":"1:649","layoutMainAxisSizing":null,"layoutCrossAxisSizing":null,"name":"Light/Primary Color","isVisible":false,"boundaryRectangle":null,"style":null,"prototypeNodeUUID":null,"child":null,"constraints":null,"description":"5B9EE1","pbdlType":"global_color","color":{"a":1.0,"r":0.05098039284348488,"g":0.4313725531101227,"b":0.9921568632125854}},{"UUID":"1:653","layoutMainAxisSizing":null,"layoutCrossAxisSizing":null,"name":"Light/Star-Color","isVisible":false,"boundaryRectangle":null,"style":null,"prototypeNodeUUID":null,"child":null,"constraints":null,"description":"","pbdlType":"global_color","color":{"a":1.0,"r":1.0,"g":0.8274509906768799,"b":0.21176470816135406}},{"UUID":"1:654","layoutMainAxisSizing":null,"layoutCrossAxisSizing":null,"name":"Light/Action Color","isVisible":false,"boundaryRectangle":null,"style":null,"prototypeNodeUUID":null,"child":null,"constraints":null,"description":"FF5545","pbdlType":"global_color","color":{"a":1.0,"r":1.0,"g":0.43921568989753723,"b":0.16078431904315948}},{"UUID":"1:655","layoutMainAxisSizing":null,"layoutCrossAxisSizing":null,"name":"Light/Frame Shape Color","isVisible":false,"boundaryRectangle":null,"style":null,"prototypeNodeUUID":null,"child":null,"constraints":null,"description":"F8F9FA","pbdlType":"global_color","color":{"a":1.0,"r":0.8980392217636108,"g":0.95686274766922,"b":1.0}},{"UUID":"1:656","layoutMainAxisSizing":null,"layoutCrossAxisSizing":null,"name":"Light/Gray Color","isVisible":false,"boundaryRectangle":null,"style":null,"prototypeNodeUUID":null,"child":null,"constraints":null,"description":"","pbdlType":"global_color","color":{"a":1.0,"r":0.9668750166893005,"g":0.9668750166893005,"b":0.9750000238418579}},{"UUID":"1:657","layoutMainAxisSizing":null,"layoutCrossAxisSizing":null,"name":"Light/Red Color","isVisible":false,"boundaryRectangle":null,"style":null,"prototypeNodeUUID":null,"child":null,"constraints":null,"description":"","pbdlType":"global_color","color":{"a":1.0,"r":0.9960784316062927,"g":0.13725490868091583,"b":0.32156863808631897}},{"UUID":"1:458","layoutMainAxisSizing":null,"layoutCrossAxisSizing":null,"name":"Light Ink","isVisible":false,"boundaryRectangle":null,"style":null,"prototypeNodeUUID":null,"child":null,"constraints":null,"description":"","pbdlType":"global_color","color":{"a":1.0,"r":0.0,"g":0.0,"b":0.0}},{"UUID":"1:463","layoutMainAxisSizing":null,"layoutCrossAxisSizing":null,"name":"Light Primary","isVisible":false,"boundaryRectangle":null,"style":null,"prototypeNodeUUID":null,"child":null,"constraints":null,"description":"","pbdlType":"global_color","color":{"a":1.0,"r":1.0,"g":1.0,"b":1.0}},{"UUID":"1:658","layoutMainAxisSizing":null,"layoutCrossAxisSizing":null,"name":"Light Secondary","isVisible":false,"boundaryRectangle":null,"style":null,"prototypeNodeUUID":null,"child":null,"constraints":null,"description":"","pbdlType":"global_color","color":{"a":1.0,"r":0.6823529601097107,"g":0.7019608020782471,"b":0.7450980544090271}},{"UUID":"1:457","layoutMainAxisSizing":null,"layoutCrossAxisSizing":null,"name":"Dark Ink","isVisible":false,"boundaryRectangle":null,"style":null,"prototypeNodeUUID":null,"child":null,"constraints":null,"description":"","pbdlType":"global_color","color":{"a":1.0,"r":1.0,"g":1.0,"b":1.0}},{"UUID":"1:660","layoutMainAxisSizing":null,"layoutCrossAxisSizing":null,"name":"Light/BG Color","isVisible":false,"boundaryRectangle":null,"style":null,"prototypeNodeUUID":null,"child":null,"constraints":null,"description":"#FFFFFF","pbdlType":"global_color","color":{"a":1.0,"r":1.0,"g":1.0,"b":1.0}},{"UUID":"1:663","layoutMainAxisSizing":null,"layoutCrossAxisSizing":null,"name":"Light/Green Color","isVisible":false,"boundaryRectangle":null,"style":null,"prototypeNodeUUID":null,"child":null,"constraints":null,"description":"","pbdlType":"global_color","color":{"a":1.0,"r":0.09803921729326248,"g":0.6901960968971252,"b":0.0}},{"UUID":"1:664","layoutMainAxisSizing":null,"layoutCrossAxisSizing":null,"name":"Dark","isVisible":false,"boundaryRectangle":null,"style":null,"prototypeNodeUUID":null,"child":null,"constraints":null,"description":"","pbdlType":"global_color","color":{"a":1.0,"r":0.15774306654930115,"g":0.18786992132663727,"b":0.24583333730697632}}],"textStyles":[],"themeColors":[],"themeTextStyles":[]},"pbdlType":"project","azure_container_uri":"https://pbnestcore.blob.core.windows.net/m5p6zrrd9jgti1aqybyuct"}